TIME,TORQUE,PASD,PASP
0, 494.00, 0.00, 0.00
2, 488.00, 0.00, 0.00
3, 488.00, 0.00, 0.00
23, 496.00, 0.00, 0.00
48, 495.00, 0.00, 0.00
71, 496.00, 0.00, 0.00
95, 494.00, 0.00, 0.00
119, 490.00, 0.00, 0.00
144, 493.00, 0.00, 0.00
168, 492.00, 0.00, 0.00
194, 491.00, 0.00, 0.00
219, 485.00, 0.00, 0.00
244, 489.00, 0.00, 0.00
269, 490.00, 0.00, 0.00
293, 494.00, 0.00, 0.00
319, 487.00, 0.00, 0.00
344, 490.00, 0.00, 0.00
368, 490.00, 0.00, 0.00
394, 491.00, 0.00, 0.00
418, 487.00, 0.00, 0.00
444, 493.00, 0.00, 0.00
468, 485.00, 0.00, 0.00
493, 494.00, 0.00, 0.00
519, 492.00, 0.00, 0.00
543, 497.00, 0.00, 0.00
568, 491.00, 0.00, 0.00
593, 489.00, 0.00, 0.00
618, 487.00, 0.00, 0.00
644, 488.00, 0.00, 0.00
668, 492.00, 0.00, 0.00
693, 496.00, 0.00, 0.00
718, 491.00, 0.00, 0.00
743, 490.00, 0.00, 0.00
768, 489.00, 0.00, 0.00
793, 494.00, 0.00, 0.00
818, 492.00, 0.00, 0.00
843, 496.00, 0.00, 0.00
868, 493.00, 0.00, 0.00
892, 495.00, 0.00, 0.00
918, 494.00, 0.00, 0.00
943, 493.00, 0.00, 0.00
967, 488.00, 0.00, 0.00
993, 491.00, 0.00, 0.00
1017, 492.00, 0.00, 0.00
1044, 494.00, 0.00, 0.00
1070, 481.00, 0.00, 0.00
1095, 486.00, 0.00, 0.00
1122, 494.00, 0.00, 0.00
1147, 493.00, 0.00, 0.00
1174, 491.00, 0.00, 0.00
1200, 495.00, 0.00, 0.00
1225, 493.00, 0.00, 0.00
1252, 495.00, 0.00, 0.00
1277, 494.00, 0.00, 0.00
1303, 491.00, 0.00, 0.00
1330, 493.00, 0.00, 0.00
1355, 486.00, 0.00, 0.00
1382, 494.00, 0.00, 0.00
1408, 494.00, 0.00, 0.00
1433, 492.00, 0.00, 0.00
1460, 491.00, 0.00, 0.00
1485, 488.00, 0.00, 0.00
1512, 495.00, 0.00, 0.00
1538, 490.00, 0.00, 0.00
1563, 488.00, 0.00, 0.00
1590, 490.00, 0.00, 0.00
1615, 495.00, 0.00, 0.00
1642, 496.00, 0.00, 0.00
1668, 493.00, 0.00, 0.00
1693, 491.00, 0.00, 0.00
1720, 480.00, 0.00, 0.00
1745, 491.00, 0.00, 0.00
1772, 491.00, 0.00, 0.00
1798, 490.00, 0.00, 0.00
1823, 488.00, 0.00, 0.00
1850, 492.00, 0.00, 0.00
1875, 495.00, 0.00, 0.00
1901, 490.00, 0.00, 0.00
1928, 492.00, 0.00, 0.00
1953, 483.00, 0.00, 0.00
1980, 493.00, 0.00, 0.00
2006, 487.00, 0.00, 0.00
2031, 487.00, 0.00, 0.00
2058, 491.00, 0.00, 0.00
2083, 491.00, 0.00, 0.00
2110, 495.00, 0.00, 0.00
2136, 490.00, 0.00, 0.00
2161, 491.00, 0.00, 0.00
2188, 488.00, 0.00, 0.00
2213, 495.00, 0.00, 0.00
2240, 495.00, 0.00, 0.00
2266, 495.00, 0.00, 0.00
2291, 495.00, 0.00, 0.00
2318, 491.00, 0.00, 0.00
2343, 492.00, 0.00, 0.00
2369, 489.00, 0.00, 0.00
2396, 488.00, 0.00, 0.00
2421, 491.00, 0.00, 0.00
2448, 493.00, 0.00, 0.00
2473, 495.00, 0.00, 0.00
2499, 491.00, 0.00, 0.00
2526, 492.00, 0.00, 0.00
2551, 491.00, 0.00, 0.00
2578, 491.00, 0.00, 0.00
2604, 487.00, 0.00, 0.00
2629, 492.00, 0.00, 0.00
2656, 487.00, 0.00, 0.00
2681, 483.00, 0.00, 0.00
2708, 493.00, 0.00, 0.00
2734, 491.00, 0.00, 0.00
2759, 492.00, 0.00, 0.00
2786, 487.00, 0.00, 0.00
2811, 490.00, 0.00, 0.00
2838, 486.00, 0.00, 0.00
2864, 492.00, 0.00, 0.00
2889, 492.00, 0.00, 0.00
2916, 495.00, 0.00, 0.00
2941, 491.00, 0.00, 0.00
2967, 494.00, 0.00, 0.00
2994, 493.00, 0.00, 0.00
3019, 489.00, 0.00, 0.00
3046, 488.00, 0.00, 0.00
3072, 493.00, 0.00, 0.00
3097, 491.00, 0.00, 0.00
3124, 492.00, 0.00, 0.00
3149, 492.00, 0.00, 0.00
3176, 497.00, 0.00, 0.00
3202, 491.00, 0.00, 0.00
3227, 492.00, 0.00, 0.00
3254, 483.00, 0.00, 0.00
3279, 490.00, 0.00, 0.00
3306, 494.00, 0.00, 0.00
3332, 494.00, 0.00, 0.00
3357, 494.00, 0.00, 0.00
3384, 496.00, 0.00, 0.00
3409, 494.00, 0.00, 0.00
3436, 495.00, 0.00, 0.00
3462, 496.00, 0.00, 0.00
3487, 491.00, 0.00, 0.00
3514, 493.00, 0.00, 0.00
3539, 490.00, 0.00, 0.00
3565, 492.00, 0.00, 0.00
3592, 494.00, 0.00, 0.00
3617, 489.00, 0.00, 0.00
3644, 484.00, 0.00, 0.00
3670, 490.00, 0.00, 0.00
3695, 493.00, 0.00, 0.00
3722, 486.00, 0.00, 0.00
3747, 492.00, 0.00, 0.00
3774, 488.00, 0.00, 0.00
3800, 491.00, 0.00, 0.00
3825, 496.00, 0.00, 0.00
3852, 488.00, 0.00, 0.00
3877, 493.00, 0.00, 0.00
3904, 489.00, 0.00, 0.00
3930, 487.00, 0.00, 0.00
3955, 489.00, 0.00, 0.00
3982, 492.00, 0.00, 0.00
4007, 490.00, 0.00, 0.00
4033, 494.00, 0.00, 0.00
4060, 493.00, 0.00, 0.00
4085, 489.00, 0.00, 0.00
4112, 497.00, 0.00, 0.00
4137, 492.00, 0.00, 0.00
4163, 493.00, 0.00, 0.00
4190, 492.00, 0.00, 0.00
4215, 494.00, 0.00, 0.00
4242, 490.00, 0.00, 0.00
4268, 493.00, 0.00, 0.00
4293, 494.00, 0.00, 0.00
4320, 488.00, 0.00, 0.00
4345, 493.00, 0.00, 0.00
4372, 486.00, 0.00, 0.00
4398, 491.00, 0.00, 0.00
4423, 495.00, 0.00, 0.00
4450, 493.00, 0.00, 0.00
4475, 488.00, 0.00, 0.00
4502, 495.00, 0.00, 0.00
4528, 491.00, 0.00, 0.00
4553, 491.00, 0.00, 0.00
4580, 491.00, 0.00, 0.00
4605, 483.00, 0.00, 0.00
4631, 492.00, 0.00, 0.00
4658, 492.00, 0.00, 0.00
4683, 494.00, 0.00, 0.00
4710, 496.00, 0.00, 0.00
4736, 493.00, 0.00, 0.00
4761, 493.00, 0.00, 0.00
4788, 488.00, 0.00, 0.00
4813, 491.00, 0.00, 0.00
4840, 489.00, 0.00, 0.00
4866, 491.00, 0.00, 0.00
4891, 494.00, 0.00, 0.00
4918, 491.00, 0.00, 0.00
4943, 485.00, 0.00, 0.00
4970, 484.00, 0.00, 0.00
4996, 486.00, 0.00, 0.00
5021, 493.00, 0.00, 0.00
5048, 494.00, 0.00, 0.00
5073, 491.00, 0.00, 0.00
5100, 493.00, 0.00, 0.00
5126, 491.00, 0.00, 0.00
5151, 492.00, 0.00, 0.00
5178, 490.00, 0.00, 0.00
5203, 489.00, 0.00, 0.00
5229, 492.00, 0.00, 0.00
5256, 498.00, 0.00, 0.00
5281, 496.00, 0.00, 0.00
5308, 489.00, 0.00, 0.00
5334, 490.00, 0.00, 0.00
5359, 492.00, 0.00, 0.00
5386, 491.00, 0.00, 0.00
5411, 487.00, 0.00, 0.00
5438, 487.00, 0.00, 0.00
5464, 500.00, 0.00, 0.00
5489, 488.00, 0.00, 0.00
5516, 484.00, 0.00, 0.00
5541, 488.00, 0.00, 0.00
5568, 482.00, 0.00, 0.00
5594, 491.00, 0.00, 0.00
5619, 490.00, 0.00, 989.00
5648, 490.00, 0.00, 997.00
5676, 497.00, 0.00, 996.00
5704, 494.00, 0.00, 991.00
5732, 494.00, 0.00, 992.00
5760, 496.00, 0.00, 998.00
5788, 496.00, 0.00, 992.00
5816, 500.00, 0.00, 994.00
5844, 497.00, 0.00, 996.00
5872, 493.00, 0.00, 988.00
5901, 495.00, 0.00, 992.00
5928, 492.00, 0.00, 996.00
5956, 487.00, 0.00, 993.00
5985, 497.00, 0.00, 996.00
6012, 490.00, 0.00, 990.00
6041, 485.00, 0.00, 987.00
6069, 492.00, 0.00, 995.00
6096, 489.00, 0.00, 994.00
6125, 493.00, 0.00, 997.00
6153, 493.00, 0.00, 991.00
6181, 501.00, 999.00, 997.00
6211, 497.00, 994.00, 1000.00
6243, 496.00, 999.00, 997.00
6273, 491.00, 990.00, 994.00
6303, 493.00, 997.00, 1000.00
6334, 495.00, 999.00, 999.00
6365, 494.00, 994.00, 993.00
6394, 490.00, 994.00, 994.00
6424, 496.00, 989.00, 992.00
6455, 490.00, 993.00, 996.00
6484, 493.00, 998.00, 999.00
6515, 495.00, 993.00, 1000.00
6546, 496.00, 992.00, 1002.00
6578, 497.00, 997.00, 999.00
6607, 493.00, 992.00, 993.00
6638, 490.00, 994.00, 999.00
6668, 502.00, 996.00, 1001.00
6700, 495.00, 994.00, 999.00
6729, 497.00, 998.00, 997.00
6759, 498.00, 988.00, 994.00
6790, 493.00, 994.00, 991.00
6819, 498.00, 992.00, 998.00
6850, 498.00, 1000.00, 1003.00
6882, 497.00, 997.00, 997.00
6913, 493.00, 998.00, 998.00
6942, 499.00, 993.00, 1000.00
6974, 496.00, 993.00, 995.00
7004, 495.00, 997.00, 1000.00
7035, 499.00, 1000.00, 1000.00
7067, 503.00, 1001.00, 1000.00
7100, 500.00, 997.00, 997.00
7130, 503.00, 999.00, 997.00
7159, 500.00, 995.00, 993.00
7190, 496.00, 994.00, 997.00
7220, 507.00, 996.00, 998.00
7250, 504.00, 994.00, 994.00
7280, 501.00, 993.00, 994.00
7311, 500.00, 993.00, 999.00
7341, 496.00, 995.00, 995.00
7371, 503.00, 999.00, 996.00
7401, 511.00, 998.00, 999.00
7432, 498.00, 995.00, 996.00
7461, 502.00, 997.00, 998.00
7491, 495.00, 991.00, 996.00
7522, 499.00, 991.00, 994.00
7552, 502.00, 995.00, 1000.00
7583, 500.00, 997.00, 994.00
7613, 509.00, 995.00, 995.00
7644, 504.00, 1001.00, 999.00
7674, 499.00, 992.00, 997.00
7705, 501.00, 998.00, 995.00
7735, 502.00, 996.00, 997.00
7766, 505.00, 990.00, 996.00
7795, 503.00, 1000.00, 998.00
7826, 507.00, 995.00, 1000.00
7858, 495.00, 989.00, 992.00
7887, 500.00, 991.00, 991.00
7918, 501.00, 999.00, 997.00
7948, 502.00, 992.00, 999.00
7979, 503.00, 998.00, 1000.00
8009, 503.00, 998.00, 1001.00
8041, 501.00, 994.00, 993.00
8071, 502.00, 1000.00, 1001.00
8103, 509.00, 994.00, 998.00
8133, 499.00, 997.00, 995.00
8164, 505.00, 998.00, 1001.00
8195, 498.00, 997.00, 999.00
8224, 506.00, 991.00, 991.00
8255, 488.00, 987.00, 992.00
8285, 498.00, 995.00, 1005.00
8316, 498.00, 997.00, 1001.00
8347, 510.00, 997.00, 999.00
8378, 502.00, 999.00, 995.00
8408, 497.00, 996.00, 1000.00
8439, 502.00, 994.00, 991.00
8469, 505.00, 994.00, 1005.00
8501, 501.00, 994.00, 993.00
8530, 501.00, 997.00, 997.00
8561, 501.00, 995.00, 995.00
8591, 500.00, 992.00, 992.00
8621, 496.00, 1000.00, 1000.00
8653, 493.00, 997.00, 1000.00
8684, 503.00, 1002.00, 995.00
8716, 496.00, 998.00, 994.00
8745, 502.00, 999.00, 996.00
8776, 498.00, 993.00, 1000.00
8807, 497.00, 992.00, 986.00
8838, 501.00, 996.00, 995.00
8867, 503.00, 995.00, 1000.00
8899, 503.00, 1001.00, 1000.00
8931, 506.00, 997.00, 1000.00
8963, 506.00, 992.00, 1000.00
8993, 504.00, 998.00, 999.00
9023, 493.00, 989.00, 994.00
9054, 506.00, 999.00, 1000.00
9084, 503.00, 995.00, 996.00
9115, 498.00, 997.00, 992.00
9145, 504.00, 997.00, 999.00
9176, 499.00, 992.00, 998.00
9205, 503.00, 993.00, 995.00
9236, 506.00, 1000.00, 1002.00
9268, 507.00, 1002.00, 999.00
9299, 505.00, 996.00, 997.00
9329, 506.00, 1000.00, 994.00
9361, 507.00, 998.00, 1001.00
9392, 500.00, 992.00, 1000.00
9422, 505.00, 997.00, 993.00
9453, 509.00, 1002.00, 1006.00
9485, 506.00, 1001.00, 998.00
9517, 497.00, 1000.00, 998.00
9547, 507.00, 991.00, 987.00
9578, 501.00, 999.00, 992.00
9608, 503.00, 994.00, 996.00
9638, 503.00, 993.00, 995.00
9668, 511.00, 997.00, 999.00
9699, 501.00, 997.00, 993.00
9729, 501.00, 997.00, 999.00
9759, 497.00, 990.00, 989.00
9789, 506.00, 992.00, 998.00
9819, 505.00, 995.00, 1000.00
9850, 505.00, 995.00, 987.00
9880, 502.00, 997.00, 999.00
9911, 495.00, 996.00, 996.00
9940, 496.00, 992.00, 996.00
9971, 502.00, 998.00, 1000.00
10002, 499.00, 997.00, 997.00
10034, 493.00, 992.00, 997.00
10064, 500.00, 1000.00, 999.00
10097, 503.00, 997.00, 997.00
10128, 494.00, 1000.00, 998.00
10161, 491.00, 1000.00, 1000.00
10193, 492.00, 993.00, 999.00
10225, 494.00, 0.00, 991.00
10254, 497.00, 0.00, 997.00
10283, 492.00, 0.00, 996.00
10312, 485.00, 0.00, 987.00
10341, 485.00, 0.00, 994.00
10371, 491.00, 0.00, 995.00
10399, 491.00, 0.00, 996.00
10429, 495.00, 0.00, 990.00
10458, 485.00, 0.00, 992.00
10486, 493.00, 0.00, 997.00
10516, 488.00, 0.00, 998.00
10545, 499.00, 0.00, 1001.00
10575, 472.00, 0.00, 979.00
10604, 494.00, 3.00, 998.00
10634, 493.00, 0.00, 997.00
10662, 488.00, 995.00, 999.00
10694, 488.00, 991.00, 997.00
10725, 489.00, 995.00, 992.00
10756, 488.00, 995.00, 1000.00
10788, 491.00, 1000.00, 1002.00
10821, 495.00, 0.00, 993.00
10851, 488.00, 0.00, 993.00
10880, 492.00, 0.00, 999.00
10909, 483.00, 0.00, 987.00
10938, 493.00, 0.00, 995.00
10968, 488.00, 0.00, 1000.00
10997, 490.00, 0.00, 1000.00
11028, 490.00, 0.00, 1000.00
11058, 486.00, 0.00, 0.00
11084, 491.00, 0.00, 0.00
11112, 494.00, 0.00, 0.00
11139, 480.00, 0.00, 0.00
11166, 486.00, 0.00, 0.00
11193, 496.00, 0.00, 0.00
11219, 491.00, 0.00, 0.00
11247, 493.00, 0.00, 0.00
11274, 490.00, 0.00, 0.00
11301, 488.00, 0.00, 0.00
11328, 500.00, 0.00, 0.00
11355, 489.00, 0.00, 0.00
11382, 486.00, 0.00, 0.00
11409, 485.00, 0.00, 0.00
11437, 487.00, 0.00, 0.00
11463, 490.00, 0.00, 0.00
11491, 489.00, 0.00, 0.00
11517, 487.00, 992.00, 0.00
11546, 484.00, 996.00, 0.00
11576, 486.00, 990.00, 0.00
11604, 491.00, 997.00, 0.00
11634, 486.00, 998.00, 0.00
11663, 483.00, 997.00, 0.00
11693, 488.00, 992.00, 0.00
11721, 488.00, 998.00, 0.00
11750, 486.00, 998.00, 0.00
11780, 486.00, 997.00, 0.00
11808, 488.00, 988.00, 0.00
11838, 484.00, 1002.00, 0.00
11868, 486.00, 997.00, 0.00
11897, 485.00, 1001.00, 0.00
11927, 479.00, 1000.00, 0.00
11958, 495.00, 997.00, 0.00
11986, 485.00, 997.00, 0.00
12015, 488.00, 999.00, 0.00
12045, 483.00, 996.00, 0.00
12073, 484.00, 995.00, 0.00
12103, 483.00, 991.00, 0.00
12132, 491.00, 1000.00, 0.00
12163, 492.00, 993.00, 0.00
12191, 485.00, 1000.00, 0.00
12222, 497.00, 999.00, 0.00
12251, 491.00, 1001.00, 0.00
12280, 489.00, 997.00, 0.00
12310, 482.00, 997.00, 0.00
12339, 487.00, 1003.00, 0.00
12369, 492.00, 993.00, 0.00
12398, 489.00, 996.00, 0.00
12428, 485.00, 996.00, 0.00
12456, 487.00, 997.00, 0.00
12485, 485.00, 1000.00, 0.00
12516, 489.00, 999.00, 0.00
12545, 483.00, 996.00, 0.00
12574, 485.00, 995.00, 0.00
12603, 486.00, 995.00, 0.00
12633, 480.00, 990.00, 0.00
12661, 484.00, 992.00, 0.00
12691, 494.00, 996.00, 0.00
12720, 486.00, 996.00, 0.00
12748, 483.00, 995.00, 0.00
12778, 485.00, 996.00, 0.00
12807, 481.00, 997.00, 0.00
12836, 485.00, 995.00, 0.00
12865, 478.00, 998.00, 0.00
12895, 485.00, 992.00, 0.00
12923, 491.00, 997.00, 0.00
12952, 488.00, 996.00, 0.00
12982, 487.00, 996.00, 0.00
13010, 480.00, 997.00, 0.00
13040, 481.00, 998.00, 0.00
13069, 482.00, 995.00, 0.00
13099, 482.00, 996.00, 0.00
13127, 480.00, 991.00, 0.00
13157, 484.00, 996.00, 0.00
13186, 485.00, 993.00, 0.00
13214, 483.00, 997.00, 0.00
13244, 480.00, 995.00, 0.00
13273, 483.00, 998.00, 0.00
13302, 481.00, 997.00, 0.00
13331, 484.00, 997.00, 0.00
13361, 479.00, 997.00, 0.00
13389, 483.00, 997.00, 0.00
13418, 484.00, 992.00, 0.00
13448, 491.00, 993.00, 0.00
13476, 481.00, 993.00, 0.00
13506, 490.00, 1003.00, 0.00
13536, 485.00, 998.00, 0.00
13565, 481.00, 997.00, 0.00
13594, 486.00, 989.00, 0.00
13624, 491.00, 996.00, 0.00
13652, 488.00, 996.00, 0.00
13681, 485.00, 999.00, 0.00
13711, 480.00, 996.00, 0.00
13740, 487.00, 1000.00, 0.00
13770, 489.00, 993.00, 0.00
13799, 488.00, 998.00, 0.00
13829, 480.00, 997.00, 0.00
13857, 483.00, 992.00, 0.00
13887, 482.00, 1000.00, 0.00
13917, 490.00, 994.00, 0.00
13945, 483.00, 993.00, 0.00
13975, 485.00, 999.00, 0.00
14004, 481.00, 998.00, 0.00
14033, 487.00, 995.00, 0.00
14062, 479.00, 992.00, 0.00
14092, 483.00, 998.00, 0.00
14120, 481.00, 998.00, 0.00
14149, 485.00, 991.00, 0.00
14179, 491.00, 994.00, 0.00
14208, 491.00, 998.00, 0.00
14237, 480.00, 999.00, 0.00
14266, 487.00, 996.00, 0.00
14296, 478.00, 993.00, 0.00
14324, 473.00, 989.00, 0.00
14354, 478.00, 993.00, 0.00
14383, 485.00, 995.00, 0.00
14411, 489.00, 993.00, 0.00
14441, 485.00, 994.00, 0.00
14470, 484.00, 999.00, 0.00
14499, 483.00, 999.00, 0.00
14528, 483.00, 996.00, 0.00
14558, 479.00, 993.00, 0.00
14586, 479.00, 997.00, 0.00
14615, 487.00, 998.00, 0.00
14645, 482.00, 994.00, 0.00
14673, 492.00, 995.00, 0.00
14703, 487.00, 1000.00, 0.00
14733, 484.00, 995.00, 0.00
14763, 479.00, 992.00, 0.00
14791, 477.00, 993.00, 0.00
14821, 487.00, 996.00, 0.00
14850, 484.00, 995.00, 0.00
14878, 480.00, 996.00, 0.00
14908, 483.00, 999.00, 0.00
14937, 482.00, 1001.00, 0.00
14967, 489.00, 997.00, 0.00
14996, 487.00, 992.00, 0.00
15026, 480.00, 992.00, 0.00
15054, 480.00, 1001.00, 0.00
15085, 479.00, 996.00, 0.00
15114, 482.00, 993.00, 0.00
15142, 488.00, 1000.00, 0.00
15173, 481.00, 998.00, 0.00
15202, 476.00, 990.00, 0.00
15232, 484.00, 997.00, 0.00
15260, 477.00, 995.00, 0.00
15290, 484.00, 998.00, 0.00
15319, 484.00, 993.00, 0.00
15347, 479.00, 993.00, 0.00
15377, 481.00, 1001.00, 0.00
15407, 480.00, 996.00, 0.00
15436, 481.00, 994.00, 0.00
15465, 486.00, 996.00, 0.00
15495, 485.00, 991.00, 0.00
15523, 487.00, 996.00, 0.00
15553, 482.00, 992.00, 0.00
15582, 482.00, 998.00, 0.00
15610, 480.00, 993.00, 0.00
15640, 483.00, 998.00, 0.00
15669, 482.00, 992.00, 0.00
15698, 487.00, 998.00, 0.00
15727, 481.00, 992.00, 0.00
15757, 488.00, 999.00, 0.00
15785, 486.00, 989.00, 0.00
15814, 488.00, 996.00, 0.00
15844, 483.00, 993.00, 0.00
15873, 482.00, 1004.00, 0.00
15903, 479.00, 996.00, 0.00
15932, 477.00, 992.00, 0.00
15962, 482.00, 992.00, 0.00
15990, 491.00, 999.00, 0.00
16020, 488.00, 995.00, 0.00
16049, 475.00, 988.00, 0.00
16077, 478.00, 995.00, 0.00
16107, 482.00, 1000.00, 0.00
16137, 484.00, 995.00, 0.00
16166, 482.00, 995.00, 0.00
16195, 488.00, 994.00, 0.00
16225, 489.00, 1000.00, 0.00
16254, 480.00, 997.00, 0.00
16284, 482.00, 993.00, 0.00
16313, 479.00, 992.00, 0.00
16342, 499.00, 998.00, 0.00
16371, 490.00, 997.00, 0.00
16400, 494.00, 997.00, 0.00
16430, 496.00, 994.00, 0.00
16458, 482.00, 992.00, 0.00
16488, 488.00, 998.00, 0.00
16517, 490.00, 1000.00, 0.00
16546, 480.00, 988.00, 0.00
16576, 492.00, 997.00, 0.00
16605, 493.00, 996.00, 0.00
16634, 492.00, 999.00, 0.00
16663, 487.00, 995.00, 0.00
16693, 490.00, 992.00, 0.00
16721, 493.00, 1002.00, 0.00
16752, 496.00, 996.00, 0.00
16781, 488.00, 999.00, 0.00
16809, 487.00, 995.00, 0.00
16839, 490.00, 995.00, 0.00
16868, 491.00, 1000.00, 997.00
16901, 497.00, 0.00, 994.00
16929, 490.00, 998.00, 0.00
16959, 491.00, 997.00, 997.00
16990, 491.00, 998.00, 0.00
17019, 489.00, 1000.00, 0.00
17049, 489.00, 991.00, 0.00
17078, 486.00, 988.00, 0.00
17107, 493.00, 0.00, 0.00
17134, 485.00, 987.00, 995.00
17166, 490.00, 0.00, 0.00
17192, 490.00, 876.00, 996.00
17224, 490.00, 996.00, 0.00
17253, 488.00, 0.00, 0.00
17281, 485.00, 0.00, 987.00
17309, 487.00, 992.00, 986.00
17340, 491.00, 995.00, 993.00
17372, 486.00, 989.00, 990.00
17402, 487.00, 995.00, 991.00
17434, 489.00, 993.00, 993.00
17465, 485.00, 0.00, 988.00
17495, 485.00, 0.00, 0.00
17521, 484.00, 0.00, 0.00
17549, 481.00, 0.00, 0.00
17575, 480.00, 989.00, 0.00
17604, 481.00, 991.00, 0.00
17634, 483.00, 996.00, 0.00
17662, 477.00, 989.00, 0.00
17692, 483.00, 994.00, 0.00
17721, 480.00, 992.00, 0.00
17751, 477.00, 987.00, 0.00
17779, 482.00, 990.00, 0.00
17808, 477.00, 990.00, 0.00
17838, 482.00, 994.00, 0.00
17866, 480.00, 992.00, 0.00
17896, 480.00, 991.00, 0.00
17925, 484.00, 992.00, 996.00
17956, 482.00, 0.00, 0.00
17983, 482.00, 990.00, 0.00
18013, 481.00, 986.00, 989.00
18043, 482.00, 988.00, 991.00
18074, 476.00, 983.00, 990.00
18106, 481.00, 0.00, 0.00
18132, 485.00, 993.00, 996.00
18164, 483.00, 0.00, 0.00
18191, 488.00, 0.00, 0.00
18219, 484.00, 0.00, 0.00
18245, 479.00, 0.00, 992.00
18274, 477.00, 0.00, 989.00
18304, 487.00, 0.00, 993.00
18332, 486.00, 0.00, 993.00
18362, 486.00, 0.00, 0.00
18388, 477.00, 0.00, 0.00
18416, 484.00, 0.00, 0.00
18443, 484.00, 0.00, 0.00
18469, 486.00, 0.00, 0.00
18497, 483.00, 0.00, 0.00
18524, 489.00, 0.00, 0.00
18551, 471.00, 989.00, 0.00
18580, 483.00, 994.00, 0.00
18609, 485.00, 994.00, 0.00
18638, 484.00, 996.00, 0.00
18667, 483.00, 995.00, 0.00
18697, 481.00, 990.00, 0.00
18725, 486.00, 0.00, 0.00
18753, 487.00, 0.00, 995.00
18782, 485.00, 0.00, 994.00
18811, 484.00, 0.00, 992.00
18840, 479.00, 0.00, 990.00
18869, 484.00, 0.00, 994.00
18898, 482.00, 0.00, 992.00
18927, 484.00, 0.00, 993.00
18957, 485.00, 0.00, 992.00
18985, 485.00, 0.00, 992.00
19015, 485.00, 0.00, 994.00
19044, 481.00, 0.00, 994.00
19073, 478.00, 0.00, 990.00
19102, 486.00, 0.00, 995.00
19131, 477.00, 0.00, 990.00
19161, 487.00, 0.00, 996.00
19189, 482.00, 0.00, 993.00
19219, 488.00, 0.00, 995.00
19248, 479.00, 0.00, 994.00
19277, 486.00, 0.00, 995.00
19306, 482.00, 0.00, 993.00
19335, 478.00, 0.00, 0.00
19362, 484.00, 0.00, 0.00
19389, 483.00, 0.00, 0.00
19417, 483.00, 0.00, 0.00
19443, 484.00, 0.00, 0.00
19470, 479.00, 0.00, 0.00
19497, 479.00, 0.00, 0.00
19524, 486.00, 0.00, 0.00
19552, 481.00, 0.00, 0.00
19578, 480.00, 0.00, 0.00
19605, 479.00, 0.00, 0.00
19633, 480.00, 0.00, 0.00
19659, 483.00, 0.00, 0.00
19687, 484.00, 0.00, 0.00
19714, 477.00, 0.00, 0.00
19740, 484.00, 0.00, 0.00
19768, 482.00, 0.00, 0.00
19794, 484.00, 0.00, 0.00
19822, 481.00, 0.00, 0.00
19849, 481.00, 0.00, 0.00
19876, 482.00, 0.00, 0.00
19903, 480.00, 0.00, 0.00
19930, 478.00, 0.00, 0.00
19957, 485.00, 0.00, 0.00
19984, 485.00, 0.00, 0.00
20012, 484.00, 0.00, 0.00
20038, 481.00, 0.00, 0.00
20065, 479.00, 0.00, 0.00
20092, 484.00, 0.00, 0.00
20119, 480.00, 0.00, 0.00
20147, 480.00, 0.00, 0.00
20173, 482.00, 0.00, 0.00
20200, 481.00, 0.00, 0.00
20228, 486.00, 0.00, 0.00
20254, 478.00, 0.00, 0.00
20282, 479.00, 0.00, 0.00
20308, 486.00, 0.00, 0.00
20335, 483.00, 0.00, 0.00
20363, 481.00, 0.00, 0.00
20389, 479.00, 0.00, 0.00
20417, 482.00, 0.00, 0.00
20444, 486.00, 0.00, 0.00
20470, 483.00, 0.00, 0.00
20498, 471.00, 0.00, 0.00
20525, 481.00, 0.00, 0.00
20552, 480.00, 0.00, 0.00
20579, 483.00, 0.00, 0.00
20605, 480.00, 0.00, 0.00
20633, 483.00, 0.00, 0.00
20660, 484.00, 0.00, 0.00
20687, 484.00, 0.00, 0.00
20714, 480.00, 0.00, 0.00
20742, 486.00, 0.00, 0.00
20768, 488.00, 0.00, 0.00
20795, 486.00, 0.00, 0.00
20823, 487.00, 0.00, 0.00
20849, 485.00, 0.00, 0.00
20877, 490.00, 0.00, 0.00
20903, 489.00, 0.00, 0.00
20930, 484.00, 0.00, 0.00
20958, 488.00, 0.00, 0.00
20984, 491.00, 0.00, 0.00
21012, 491.00, 0.00, 0.00
21039, 487.00, 0.00, 0.00
21065, 487.00, 0.00, 0.00
21093, 492.00, 0.00, 0.00
21120, 493.00, 0.00, 0.00
21147, 489.00, 0.00, 0.00
21174, 491.00, 0.00, 0.00
21200, 486.00, 0.00, 0.00
21228, 486.00, 0.00, 0.00
21255, 495.00, 0.00, 0.00
21282, 493.00, 0.00, 0.00
21309, 495.00, 0.00, 0.00
21336, 490.00, 0.00, 0.00
21363, 491.00, 0.00, 0.00
21390, 493.00, 0.00, 0.00
21417, 485.00, 0.00, 0.00
21444, 492.00, 0.00, 0.00
21471, 486.00, 0.00, 0.00
21498, 489.00, 0.00, 0.00
21525, 493.00, 0.00, 0.00
21553, 489.00, 0.00, 0.00
21579, 490.00, 0.00, 0.00
21607, 488.00, 0.00, 0.00
21634, 491.00, 0.00, 0.00
21660, 494.00, 0.00, 0.00
21688, 494.00, 0.00, 0.00
21714, 488.00, 0.00, 0.00
21742, 491.00, 0.00, 0.00
21769, 491.00, 0.00, 0.00
21795, 491.00, 0.00, 0.00
21823, 486.00, 0.00, 0.00
21850, 488.00, 0.00, 0.00
21877, 493.00, 0.00, 0.00
21904, 491.00, 0.00, 0.00
21931, 488.00, 0.00, 0.00
21958, 486.00, 0.00, 0.00
21985, 494.00, 0.00, 0.00
22012, 495.00, 0.00, 0.00
22039, 496.00, 0.00, 0.00
22066, 487.00, 991.00, 0.00
22095, 493.00, 995.00, 0.00
22124, 490.00, 995.00, 0.00
22154, 493.00, 1000.00, 0.00
22183, 488.00, 992.00, 0.00
22213, 492.00, 997.00, 0.00
22242, 495.00, 1000.00, 0.00
22273, 489.00, 992.00, 0.00
22301, 488.00, 997.00, 0.00
22330, 491.00, 993.00, 0.00
22360, 490.00, 999.00, 0.00
22388, 493.00, 995.00, 0.00
22418, 490.00, 994.00, 0.00
22447, 493.00, 998.00, 0.00
22476, 495.00, 998.00, 999.00
22507, 493.00, 997.00, 995.00
22539, 497.00, 998.00, 998.00
22569, 492.00, 996.00, 996.00
22600, 494.00, 996.00, 998.00
22632, 488.00, 0.00, 990.00
22661, 492.00, 0.00, 995.00
22690, 492.00, 0.00, 994.00
22719, 492.00, 0.00, 994.00
22749, 482.00, 0.00, 0.00
22775, 486.00, 0.00, 0.00
22802, 485.00, 0.00, 0.00
22830, 490.00, 0.00, 0.00
22856, 491.00, 0.00, 0.00
22884, 487.00, 0.00, 0.00
22910, 494.00, 0.00, 0.00
22938, 492.00, 0.00, 0.00
22965, 492.00, 0.00, 0.00
22991, 498.00, 0.00, 0.00
23019, 486.00, 991.00, 0.00
23048, 492.00, 1000.00, 0.00
23078, 495.00, 998.00, 0.00
23107, 492.00, 0.00, 0.00
23134, 491.00, 0.00, 0.00
23161, 491.00, 995.00, 0.00
23190, 487.00, 997.00, 0.00
23220, 492.00, 996.00, 0.00
23248, 489.00, 996.00, 0.00
23278, 491.00, 997.00, 0.00
23307, 497.00, 998.00, 0.00
23335, 492.00, 1000.00, 0.00
23366, 490.00, 996.00, 0.00
23395, 496.00, 1000.00, 0.00
23426, 494.00, 992.00, 0.00
23454, 491.00, 998.00, 0.00
23484, 485.00, 989.00, 0.00
23513, 493.00, 995.00, 0.00
23542, 491.00, 999.00, 0.00
23571, 494.00, 999.00, 0.00
23600, 488.00, 994.00, 0.00
23629, 497.00, 1002.00, 0.00
23659, 493.00, 993.00, 0.00
23689, 486.00, 998.00, 0.00
23717, 489.00, 992.00, 0.00
23747, 485.00, 994.00, 0.00
23776, 495.00, 996.00, 0.00
23805, 492.00, 1000.00, 0.00
23835, 489.00, 992.00, 0.00
23864, 493.00, 995.00, 0.00
23894, 488.00, 994.00, 0.00
23922, 493.00, 996.00, 0.00
23952, 488.00, 992.00, 0.00
23981, 490.00, 996.00, 0.00
24010, 491.00, 997.00, 0.00
24039, 489.00, 997.00, 0.00
24068, 491.00, 992.00, 0.00
24097, 492.00, 999.00, 0.00
24126, 492.00, 995.00, 0.00
24156, 495.00, 996.00, 0.00
24184, 488.00, 996.00, 0.00
24214, 494.00, 998.00, 0.00
24243, 494.00, 997.00, 0.00
24272, 496.00, 998.00, 0.00
24301, 489.00, 996.00, 0.00
24330, 495.00, 997.00, 0.00
24359, 487.00, 0.00, 0.00
24386, 492.00, 0.00, 0.00
24414, 494.00, 0.00, 0.00
24440, 493.00, 0.00, 0.00
24467, 487.00, 0.00, 0.00
24495, 493.00, 0.00, 0.00
24521, 491.00, 0.00, 0.00
24549, 493.00, 0.00, 0.00
24576, 493.00, 0.00, 0.00
24603, 496.00, 0.00, 0.00
24630, 497.00, 0.00, 0.00
24656, 487.00, 0.00, 0.00
24684, 490.00, 0.00, 0.00
24711, 490.00, 0.00, 0.00
24738, 495.00, 0.00, 0.00
24765, 488.00, 0.00, 0.00
24792, 491.00, 0.00, 0.00
24819, 492.00, 0.00, 0.00
24846, 496.00, 0.00, 0.00
24873, 493.00, 0.00, 0.00
24900, 489.00, 0.00, 0.00
24927, 492.00, 0.00, 0.00
24954, 495.00, 0.00, 0.00
24981, 493.00, 0.00, 0.00
25009, 491.00, 0.00, 0.00
25035, 490.00, 0.00, 0.00
25062, 493.00, 0.00, 0.00
25090, 491.00, 0.00, 0.00
25116, 494.00, 0.00, 0.00
25144, 493.00, 0.00, 0.00
25170, 493.00, 0.00, 0.00
25197, 496.00, 0.00, 0.00
25225, 496.00, 0.00, 0.00
25251, 495.00, 0.00, 0.00
25279, 495.00, 0.00, 996.00
25308, 491.00, 0.00, 996.00
25337, 493.00, 0.00, 993.00
25366, 488.00, 0.00, 996.00
25395, 499.00, 0.00, 997.00
25424, 498.00, 0.00, 999.00
25453, 496.00, 0.00, 999.00
25483, 494.00, 0.00, 994.00
25511, 487.00, 0.00, 991.00
25541, 498.00, 0.00, 992.00
25570, 489.00, 0.00, 993.00
25598, 492.00, 0.00, 993.00
25628, 492.00, 0.00, 994.00
25657, 492.00, 0.00, 998.00
25687, 491.00, 0.00, 989.00
25715, 485.00, 0.00, 992.00
25745, 494.00, 0.00, 994.00
25774, 492.00, 0.00, 994.00
25803, 485.00, 0.00, 983.00
25832, 490.00, 0.00, 997.00
25861, 489.00, 0.00, 998.00
25890, 496.00, 0.00, 991.00
25919, 495.00, 0.00, 995.00
25949, 497.00, 0.00, 999.00
25977, 495.00, 0.00, 997.00
26007, 494.00, 0.00, 992.00
26036, 491.00, 0.00, 988.00
26064, 495.00, 0.00, 996.00
26094, 494.00, 0.00, 993.00
26123, 494.00, 0.00, 997.00
26152, 490.00, 0.00, 0.00
26179, 494.00, 0.00, 0.00
26207, 499.00, 0.00, 0.00
26233, 482.00, 0.00, 0.00
26260, 493.00, 0.00, 0.00
26288, 494.00, 0.00, 0.00
26314, 500.00, 0.00, 0.00
26342, 495.00, 0.00, 0.00
26369, 492.00, 0.00, 0.00
26395, 498.00, 0.00, 0.00
26423, 497.00, 0.00, 0.00
26449, 498.00, 1000.00, 0.00
26480, 498.00, 1001.00, 0.00
26510, 496.00, 999.00, 0.00
26540, 491.00, 994.00, 0.00
26568, 495.00, 992.00, 0.00
26597, 498.00, 997.00, 0.00
26627, 494.00, 994.00, 0.00
26655, 496.00, 990.00, 0.00
26685, 495.00, 995.00, 0.00
26714, 498.00, 999.00, 0.00
26743, 496.00, 999.00, 0.00
26772, 501.00, 998.00, 0.00
26802, 499.00, 994.00, 0.00
26830, 496.00, 988.00, 0.00
26859, 497.00, 998.00, 0.00
26889, 500.00, 995.00, 0.00
26917, 495.00, 993.00, 0.00
26947, 501.00, 996.00, 0.00
26976, 495.00, 997.00, 0.00
27005, 502.00, 998.00, 0.00
27034, 496.00, 997.00, 0.00
27063, 494.00, 995.00, 0.00
27092, 499.00, 993.00, 0.00
27121, 504.00, 1001.00, 0.00
27152, 498.00, 997.00, 0.00
27181, 501.00, 1000.00, 0.00
27211, 495.00, 994.00, 0.00
27240, 505.00, 999.00, 999.00
27272, 494.00, 990.00, 995.00
27302, 500.00, 992.00, 990.00
27334, 500.00, 995.00, 997.00
27365, 504.00, 998.00, 1002.00
27398, 502.00, 995.00, 995.00
27428, 500.00, 995.00, 996.00
27459, 490.00, 989.00, 0.00
27489, 501.00, 996.00, 0.00
27517, 502.00, 996.00, 0.00
27547, 501.00, 997.00, 0.00
27576, 501.00, 996.00, 0.00
27606, 497.00, 994.00, 0.00
27634, 500.00, 995.00, 0.00
27664, 498.00, 997.00, 0.00
27693, 499.00, 994.00, 0.00
27721, 500.00, 990.00, 0.00
27751, 502.00, 997.00, 0.00
27780, 501.00, 999.00, 0.00
27809, 498.00, 999.00, 0.00
27838, 502.00, 997.00, 0.00
27868, 502.00, 999.00, 0.00
27896, 502.00, 997.00, 0.00
27925, 504.00, 994.00, 0.00
27955, 505.00, 998.00, 0.00
27983, 500.00, 994.00, 0.00
28013, 506.00, 999.00, 0.00
28042, 503.00, 1001.00, 0.00
28072, 506.00, 997.00, 0.00
28101, 499.00, 996.00, 0.00
28131, 499.00, 998.00, 0.00
28160, 502.00, 996.00, 0.00
28188, 495.00, 987.00, 0.00
28218, 501.00, 995.00, 0.00
28247, 506.00, 999.00, 0.00
28276, 505.00, 997.00, 0.00
28305, 501.00, 996.00, 0.00
28335, 499.00, 996.00, 0.00
28363, 505.00, 1000.00, 0.00
28393, 502.00, 1000.00, 0.00
28424, 498.00, 995.00, 0.00
28452, 499.00, 992.00, 0.00
28482, 510.00, 997.00, 0.00
28511, 506.00, 995.00, 0.00
28540, 503.00, 994.00, 0.00
28569, 499.00, 990.00, 0.00
28599, 503.00, 997.00, 0.00
28627, 498.00, 992.00, 0.00
28656, 508.00, 998.00, 0.00
28686, 496.00, 991.00, 0.00
28715, 502.00, 994.00, 0.00
28744, 506.00, 993.00, 0.00
28773, 504.00, 994.00, 0.00
28803, 503.00, 994.00, 0.00
28831, 503.00, 995.00, 0.00
28860, 509.00, 993.00, 0.00
28890, 505.00, 997.00, 0.00
28918, 496.00, 984.00, 0.00
28948, 507.00, 999.00, 0.00
28977, 505.00, 995.00, 0.00
29006, 506.00, 1000.00, 0.00
29036, 500.00, 991.00, 0.00
29066, 505.00, 1001.00, 0.00
29095, 502.00, 993.00, 0.00
29124, 501.00, 995.00, 0.00
29154, 502.00, 992.00, 0.00
29182, 500.00, 991.00, 0.00
29212, 507.00, 994.00, 0.00
29241, 503.00, 995.00, 0.00
29271, 502.00, 992.00, 0.00
29299, 504.00, 1000.00, 0.00
29330, 503.00, 995.00, 0.00
29359, 505.00, 995.00, 0.00
29387, 500.00, 994.00, 0.00
29417, 505.00, 996.00, 0.00
29446, 503.00, 994.00, 0.00
29475, 507.00, 998.00, 0.00
29504, 506.00, 994.00, 0.00
29534, 507.00, 995.00, 0.00
29562, 502.00, 992.00, 0.00
29591, 507.00, 996.00, 0.00
29621, 503.00, 998.00, 0.00
29649, 506.00, 1001.00, 0.00
29680, 501.00, 992.00, 0.00
29709, 507.00, 996.00, 0.00
29739, 506.00, 996.00, 0.00
29767, 505.00, 993.00, 0.00
29797, 504.00, 997.00, 0.00
29826, 505.00, 996.00, 0.00
29854, 501.00, 989.00, 0.00
29884, 506.00, 993.00, 0.00
29913, 499.00, 994.00, 0.00
29942, 510.00, 998.00, 0.00
29971, 500.00, 990.00, 0.00
30001, 502.00, 998.00, 0.00
30029, 506.00, 995.00, 0.00
30058, 508.00, 999.00, 0.00
30088, 502.00, 996.00, 0.00
30116, 509.00, 1003.00, 0.00
30147, 503.00, 995.00, 0.00
30176, 498.00, 997.00, 0.00
30205, 503.00, 993.00, 0.00
30234, 502.00, 996.00, 0.00
30264, 503.00, 999.00, 0.00
30292, 506.00, 995.00, 0.00
30321, 498.00, 992.00, 0.00
30351, 505.00, 995.00, 0.00
30380, 505.00, 996.00, 0.00
30409, 496.00, 987.00, 0.00
30438, 499.00, 994.00, 0.00
30468, 505.00, 1000.00, 0.00
30497, 504.00, 994.00, 0.00
30527, 504.00, 998.00, 0.00
30556, 504.00, 995.00, 0.00
30584, 506.00, 990.00, 0.00
30614, 503.00, 998.00, 0.00
30643, 507.00, 999.00, 0.00
30672, 504.00, 995.00, 0.00
30701, 507.00, 998.00, 0.00
30731, 507.00, 998.00, 0.00
30759, 506.00, 996.00, 0.00
30788, 502.00, 994.00, 0.00
30818, 508.00, 997.00, 0.00
30846, 499.00, 992.00, 0.00
30876, 503.00, 997.00, 0.00
30905, 498.00, 996.00, 0.00
30935, 500.00, 998.00, 0.00
30963, 503.00, 997.00, 0.00
30993, 506.00, 1001.00, 0.00
31023, 499.00, 996.00, 0.00
31051, 496.00, 994.00, 0.00
31081, 495.00, 989.00, 0.00
31110, 500.00, 999.00, 0.00
31139, 483.00, 988.00, 0.00
31168, 490.00, 996.00, 0.00
31198, 493.00, 998.00, 0.00
31226, 496.00, 999.00, 0.00
31255, 490.00, 991.00, 0.00
31285, 493.00, 997.00, 0.00
31313, 494.00, 997.00, 0.00
31343, 493.00, 1002.00, 0.00
31373, 488.00, 997.00, 0.00
31403, 488.00, 990.00, 0.00
31431, 493.00, 995.00, 0.00
31461, 496.00, 995.00, 0.00
31490, 490.00, 996.00, 0.00
31518, 496.00, 997.00, 0.00
31548, 486.00, 997.00, 0.00
31577, 498.00, 999.00, 0.00
31606, 488.00, 993.00, 0.00
31635, 484.00, 994.00, 0.00
31665, 492.00, 994.00, 0.00
31693, 493.00, 996.00, 0.00
31722, 489.00, 996.00, 0.00
31752, 494.00, 997.00, 0.00
31780, 496.00, 997.00, 0.00
31810, 492.00, 996.00, 0.00
31839, 487.00, 994.00, 0.00
31868, 494.00, 998.00, 0.00
31897, 487.00, 993.00, 0.00
31927, 496.00, 997.00, 0.00
31955, 489.00, 996.00, 994.00
31986, 490.00, 992.00, 995.00
32018, 495.00, 999.00, 1000.00
32050, 493.00, 1001.00, 1002.00
32083, 492.00, 997.00, 997.00
32114, 492.00, 995.00, 997.00
32146, 489.00, 1000.00, 998.00
32178, 491.00, 997.00, 1000.00
32210, 493.00, 999.00, 999.00
32241, 494.00, 1000.00, 1002.00
32275, 494.00, 997.00, 997.00
32306, 488.00, 994.00, 989.00
32337, 491.00, 994.00, 1000.00
32369, 492.00, 995.00, 996.00
32401, 490.00, 998.00, 1001.00
32433, 482.00, 986.00, 991.00
32464, 488.00, 991.00, 991.00
32495, 491.00, 998.00, 998.00
32527, 490.00, 993.00, 1000.00
32559, 494.00, 996.00, 1003.00
32591, 491.00, 997.00, 1000.00
32623, 487.00, 991.00, 996.00
32654, 492.00, 994.00, 994.00
32686, 488.00, 998.00, 997.00
32716, 494.00, 1000.00, 1000.00
32750, 491.00, 1000.00, 1004.00
32783, 492.00, 997.00, 1001.00
32816, 490.00, 996.00, 1000.00
32847, 493.00, 997.00, 994.00
32879, 492.00, 998.00, 996.00
32910, 491.00, 993.00, 995.00
32942, 491.00, 997.00, 997.00
32972, 485.00, 989.00, 989.00
33004, 492.00, 999.00, 999.00
33035, 494.00, 1001.00, 1003.00
33069, 496.00, 1000.00, 999.00
33100, 494.00, 1001.00, 1002.00
33134, 494.00, 998.00, 1001.00
33166, 491.00, 996.00, 997.00
33198, 486.00, 994.00, 994.00
33228, 492.00, 994.00, 995.00
33260, 489.00, 996.00, 998.00
33291, 489.00, 992.00, 997.00
33323, 489.00, 997.00, 999.00
33353, 496.00, 999.00, 997.00
33384, 496.00, 1000.00, 1000.00
33418, 488.00, 999.00, 1001.00
33449, 497.00, 997.00, 1001.00
33482, 493.00, 995.00, 995.00
33513, 492.00, 993.00, 995.00
33545, 494.00, 997.00, 998.00
33575, 490.00, 992.00, 996.00
33607, 491.00, 996.00, 998.00
33638, 485.00, 990.00, 992.00
33670, 490.00, 997.00, 997.00
33700, 491.00, 998.00, 998.00
33732, 492.00, 993.00, 995.00
33763, 490.00, 996.00, 1001.00
33796, 486.00, 995.00, 998.00
33826, 487.00, 992.00, 995.00
33858, 490.00, 991.00, 993.00
33889, 495.00, 994.00, 995.00
33921, 495.00, 998.00, 996.00
33951, 494.00, 995.00, 995.00
33982, 493.00, 999.00, 997.00
34014, 496.00, 997.00, 997.00
34044, 498.00, 998.00, 1001.00
34077, 490.00, 996.00, 998.00
34108, 490.00, 997.00, 998.00
34140, 488.00, 991.00, 991.00
34170, 493.00, 999.00, 997.00
34202, 489.00, 1000.00, 1006.00
34235, 493.00, 997.00, 1000.00
34268, 492.00, 1000.00, 1000.00
34300, 491.00, 997.00, 998.00
34332, 495.00, 997.00, 997.00
34363, 494.00, 996.00, 999.00
34395, 491.00, 997.00, 997.00
34425, 492.00, 997.00, 998.00
34457, 487.00, 992.00, 996.00
34488, 490.00, 995.00, 993.00
34520, 497.00, 993.00, 1001.00
34551, 492.00, 995.00, 1001.00
34583, 493.00, 997.00, 994.00
34615, 493.00, 996.00, 997.00
34646, 493.00, 997.00, 1000.00
34678, 494.00, 997.00, 995.00
34709, 495.00, 997.00, 997.00
34741, 491.00, 994.00, 993.00
34771, 493.00, 994.00, 996.00
34803, 493.00, 997.00, 1000.00
34835, 489.00, 993.00, 997.00
34867, 490.00, 993.00, 1000.00
34898, 492.00, 995.00, 995.00
34930, 491.00, 995.00, 992.00
34961, 488.00, 992.00, 1000.00
34994, 493.00, 995.00, 997.00
35024, 487.00, 996.00, 991.00
35056, 493.00, 995.00, 998.00
35087, 496.00, 996.00, 1000.00
35120, 501.00, 1003.00, 999.00
35151, 493.00, 994.00, 996.00
35182, 484.00, 986.00, 991.00
35214, 492.00, 991.00, 997.00
35245, 498.00, 998.00, 998.00
35276, 491.00, 991.00, 996.00
35307, 490.00, 992.00, 994.00
35339, 492.00, 993.00, 992.00
35369, 491.00, 998.00, 1000.00
35402, 494.00, 998.00, 1001.00
35434, 492.00, 998.00, 1000.00
35467, 491.00, 989.00, 996.00
35497, 493.00, 998.00, 999.00
35529, 498.00, 1000.00, 1000.00
35562, 492.00, 997.00, 1000.00
35595, 493.00, 992.00, 994.00
35625, 493.00, 993.00, 1000.00
35658, 492.00, 996.00, 998.00
35689, 491.00, 997.00, 995.00
35721, 494.00, 999.00, 997.00
35751, 492.00, 996.00, 997.00
35782, 498.00, 0.00, 999.00
35812, 488.00, 0.00, 987.00
35841, 486.00, 0.00, 996.00
35870, 496.00, 0.00, 997.00
35899, 493.00, 0.00, 996.00
35929, 489.00, 0.00, 998.00
35957, 485.00, 0.00, 986.00
35987, 491.00, 0.00, 993.00
36016, 488.00, 0.00, 990.00
36044, 481.00, 0.00, 986.00
36074, 490.00, 0.00, 992.00
36103, 493.00, 0.00, 1002.00
36133, 494.00, 0.00, 994.00
36162, 495.00, 0.00, 1000.00
36193, 487.00, 0.00, 993.00
36221, 490.00, 0.00, 998.00
36251, 490.00, 0.00, 996.00
36280, 493.00, 0.00, 996.00
36308, 487.00, 0.00, 992.00
36338, 493.00, 0.00, 995.00
36367, 492.00, 0.00, 995.00
36397, 490.00, 0.00, 993.00
36425, 488.00, 0.00, 991.00
36455, 492.00, 0.00, 992.00
36484, 493.00, 0.00, 995.00
36512, 489.00, 0.00, 996.00
36542, 485.00, 0.00, 989.00
36571, 492.00, 0.00, 996.00
36600, 492.00, 0.00, 995.00
36629, 494.00, 0.00, 997.00
36659, 488.00, 0.00, 992.00
36687, 492.00, 0.00, 992.00
36717, 489.00, 0.00, 994.00
36746, 492.00, 0.00, 998.00
36774, 476.00, 0.00, 983.00
36804, 492.00, 0.00, 994.00
36833, 490.00, 0.00, 992.00
36862, 488.00, 0.00, 995.00
36891, 489.00, 0.00, 991.00
36921, 492.00, 0.00, 998.00
36950, 489.00, 0.00, 992.00
36978, 486.00, 0.00, 995.00
37008, 484.00, 0.00, 989.00
37037, 493.00, 0.00, 997.00
37066, 488.00, 0.00, 990.00
37095, 492.00, 0.00, 995.00
37125, 487.00, 0.00, 992.00
37153, 487.00, 0.00, 992.00
37183, 485.00, 0.00, 990.00
37212, 488.00, 0.00, 994.00
37240, 486.00, 0.00, 993.00
37270, 489.00, 0.00, 994.00
37299, 488.00, 0.00, 993.00
37328, 491.00, 0.00, 997.00
37357, 485.00, 0.00, 994.00
37387, 490.00, 0.00, 994.00
37415, 483.00, 0.00, 987.00
37444, 492.00, 0.00, 995.00
37474, 490.00, 0.00, 995.00
37502, 491.00, 0.00, 992.00
37532, 486.00, 0.00, 989.00
37561, 486.00, 0.00, 992.00
37591, 486.00, 0.00, 996.00
37619, 492.00, 0.00, 996.00
37649, 487.00, 0.00, 993.00
37678, 491.00, 0.00, 994.00
37706, 490.00, 0.00, 992.00
37736, 484.00, 0.00, 987.00
37765, 492.00, 0.00, 1000.00
37795, 493.00, 0.00, 997.00
37824, 487.00, 0.00, 993.00
37854, 492.00, 0.00, 997.00
37882, 490.00, 0.00, 998.00
37911, 493.00, 0.00, 997.00
37941, 487.00, 0.00, 992.00
37969, 486.00, 0.00, 997.00
37999, 487.00, 0.00, 992.00
38028, 489.00, 0.00, 992.00
38057, 491.00, 0.00, 993.00
38086, 489.00, 0.00, 995.00
38116, 488.00, 0.00, 993.00
38145, 490.00, 0.00, 995.00
38173, 484.00, 0.00, 991.00
38203, 489.00, 0.00, 998.00
38232, 485.00, 0.00, 992.00
38261, 487.00, 0.00, 993.00
38290, 489.00, 0.00, 991.00
38320, 491.00, 0.00, 997.00
38348, 489.00, 0.00, 992.00
38377, 491.00, 0.00, 992.00
38407, 488.00, 0.00, 989.00
38435, 489.00, 0.00, 995.00
38465, 477.00, 0.00, 0.00
38492, 487.00, 0.00, 0.00
38519, 490.00, 0.00, 0.00
38546, 489.00, 0.00, 0.00
38573, 489.00, 0.00, 0.00
38600, 483.00, 0.00, 991.00
38629, 490.00, 0.00, 995.00
38659, 487.00, 0.00, 991.00
38687, 492.00, 0.00, 995.00
38717, 489.00, 0.00, 993.00
38746, 490.00, 0.00, 997.00
38774, 481.00, 0.00, 989.00
38804, 490.00, 0.00, 997.00
38833, 489.00, 0.00, 993.00
38862, 480.00, 0.00, 986.00
38891, 487.00, 0.00, 992.00
38921, 490.00, 0.00, 994.00
38949, 490.00, 0.00, 996.00
38979, 487.00, 0.00, 1000.00
39009, 484.00, 0.00, 990.00
39037, 491.00, 0.00, 994.00
39067, 489.00, 0.00, 994.00
39096, 489.00, 0.00, 995.00
39126, 483.00, 0.00, 988.00
39154, 490.00, 0.00, 996.00
39184, 485.00, 0.00, 995.00
39213, 492.00, 0.00, 992.00
39241, 480.00, 0.00, 989.00
39271, 491.00, 0.00, 994.00
39300, 489.00, 0.00, 994.00
39329, 492.00, 0.00, 994.00
39358, 483.00, 0.00, 989.00
39388, 489.00, 0.00, 995.00
39416, 490.00, 0.00, 996.00
39446, 483.00, 0.00, 990.00
39475, 488.00, 0.00, 991.00
39503, 487.00, 0.00, 996.00
39533, 488.00, 0.00, 998.00
39562, 485.00, 0.00, 996.00
39591, 480.00, 0.00, 981.00
39620, 490.00, 0.00, 996.00
39650, 488.00, 0.00, 998.00
